sample_id,video_id,person_id,data_path,duration_sec,frame_count,jaw_opening_amplitude_mean,jaw_opening_amplitude_std,jaw_opening_amplitude_p95,mouth_width_mean,mouth_open_to_width_ratio_mean,lateral_jaw_displacement_mean_abs,lateral_jaw_displacement_std,left_right_asymmetry_ratio_from_jaw,dominant_mouth_open_frequency_hz,pause_ratio,rhythm_variance_from_smooth,estimated_chew_rate_hz_from_timeseries,bite_count,chew_cycle_count,chew_rate_hz_from_bites_mean,chew_rate_hz_from_bites_std,chew_interval_mean_sec,chew_interval_std_sec,chew_interval_cv,pause_ratio_from_bites,chew_side_left_ratio,chew_side_right_ratio,chew_side_balance_abs_diff,lip_landmark_rows,lip_x_range_px,lip_y_range_px,lip_z_std_norm,chew_rate_target_candidate_hz
1,1,nan,data/1,269.534573668825,12201,10.830082366551268,16.98599787598186,41.342059243306494,91.45319421589645,0.11071831522845255,15.111178615420517,17.83350612737427,1.035074243065281,0.003709795095650908,0.36210146709286123,280.4041807931407,1.758269759796291,469,469,6.116876363056455,6.70588059511751,0.5746539801861088,0.7041651601254615,1.225372457870054,0.3621014670928613,0.8187633262260128,0.1812366737739872,0.6375266524520256,82201,820.8664110898972,613.2290749549866,0.0398324721510849,6.116876363056455
10,10,nan,data/10,122.97832949308756,7378,8.275755970261725,17.670166302635796,49.75578072097843,158.23614755853643,0.050873290769128124,51.503459971026196,35.54606136427501,1.0774621274012222,0.008130411805358034,0.6199512062889672,310.49637514371676,1.9806369324953321,243,243,5.410728388537838,6.740396602804905,0.5033528678066772,0.4368558672542629,0.8678918810134726,0.6199512062889673,0.9423868312757202,0.05761316872427984,0.8847736625514403,51324,897.0376083254814,574.1534038782122,0.07455697837659014,5.410728388537838
11,11,nan,data/11,120.26166042879584,7214,21.721163104015808,32.35301531003347,80.12068027112272,212.23245314201674,0.09734780689267723,31.8487499704501,47.52779972172271,1.0055677938279644,0.008314049357740263,0.491405600221791,1038.9822637388402,2.850068706282992,341,341,9.320160087821044,9.667257606264748,0.3536617280125246,0.4006956529370103,1.132991277254688,0.49140560022179103,0.5982404692082112,0.40175953079178883,0.19648093841642228,49819,1002.7517580986023,1089.294967353344,0.10411644218194278,9.320160087821044
12,12,nan,data/12,108.52666257103364,6511,26.68961733092347,47.77794731047331,138.2752686801138,179.4362101478186,0.12981570248433075,67.50798198521005,82.05511167209185,1.0849682162896175,0.009212910358382924,0.536783904162187,2311.7443929564993,1.8304052185029538,198,198,5.705784544743284,7.988012025845706,0.5463271137403535,0.45765670496118643,0.8376972210438225,0.5364991547564162,0.5808080808080808,0.41919191919191917,0.16161616161616163,44002,1126.8446865677834,764.7622821629047,0.10868491759894193,5.705784544743284
13,13,nan,data/13,90.49163437884378,5420,15.414126909404498,16.61845837635151,49.7447307368516,85.45354906298599,0.17820483955160998,31.509972868831888,37.42260404334985,0.9809951321900942,0.011048706380627826,0.3007380073800738,231.76607278592746,2.391488925406184,175,175,8.782824885977398,9.720580641002524,0.4445376850320228,0.7001633950928668,1.5750372098204222,0.30073800738007395,0.3620689655172414,0.6379310344827587,0.27586206896551724,26936,575.7353281974794,320.6728713512423,0.046970216710566094,8.782824885977398
14,14,nan,data/14,268.1083307429282,16085,5.728280018928066,8.683194407256861,26.92746695339246,72.2481672791063,0.07583801157243635,15.83294460184679,12.170246135356727,1.0463573559740416,0.003729603729602569,0.4364936276033572,75.18237285103513,1.8508919997123299,495,495,5.424351918254686,7.1410245907487315,0.5398612224530854,0.5622635343427141,1.0414964271518419,0.43649362760335736,0.9191919191919192,0.08080808080808081,0.8383838383838383,112105,388.3786696195602,377.86999464035034,0.07040691074341975,5.424351918254686
15,15,nan,data/15,259.50666302672147,15568,6.00680838414028,12.252360562326837,34.47884828267997,77.38610429477542,0.06954782841303314,29.199622407954752,29.480828804890002,1.0589349534801342,0.0038532180792995763,0.5480472764645427,148.38058061061008,3.8566355765222444,989,989,11.37902486475591,9.78807449073297,0.25935150094210346,0.32109177936243727,1.2380563759841763,0.548047276464543,0.775530839231547,0.224469160768453,0.5510616784630941,107660,511.3989316225052,365.4940152168274,0.07946123763462382,11.37902486475591
16,16,nan,data/16,252.45788754598,11418,10.110450446318456,10.452447760460057,25.806690717350445,76.84687613354951,0.1266390828326805,14.130230827272431,17.95797085282977,0.9698306776891513,0.0039607097591888955,0.22420739183744964,113.05739795139469,1.270924104105671,320,320,3.8837214397651723,4.759202920130664,0.786829045707402,0.9008444164853076,1.1449048829601856,0.22305060959564957,0.346875,0.653125,0.30625,79618,804.0410842895508,330.5601199269295,0.03157736133455448,3.8837214397651723
17,17,nan,data/17,230.55495373054993,13796,5.1646660679354195,13.010820990279578,32.192415695651356,88.02042433856295,0.0547371630074285,33.0477125028274,28.4828903474525,1.1577990197675547,0.004337046326883693,0.31596114815888665,137.16127557035225,1.6702901094122162,385,385,5.7804474718203664,7.3841654898419264,0.5993589668326763,0.8796082761980504,1.4675817412832861,0.3159611481588867,0.9012987012987013,0.0987012987012987,0.8025974025974026,74991,552.190979540348,357.196178406477,0.03749229902824164,5.7804474718203664
18,18,nan,data/18,133.01166520486154,7981,19.11155947204991,26.360722876373504,78.72834804111434,139.82349963580666,0.1301977581575311,34.8648878548166,43.91792036411483,1.0126163349375685,0.00751719558490048,0.46134569602806663,691.8029332684946,2.793277273585188,370,370,10.328194143927103,10.322472271179956,0.3571677285268865,0.41911320885794034,1.1734352669165933,0.4613456960280667,0.6081081081081081,0.3918918918918919,0.21621621621621623,55503,805.2059000730515,634.849234521389,0.07508226755453704,10.328194143927103
19,19,nan,data/19/v_9 files,85.52499512765543,5131,19.515741452287592,25.54002370651456,58.38581310495296,161.96301416938653,0.11436325850885068,43.47975374093982,47.73918591871855,0.9809077033139298,0.011690209449584116,0.3679594620931592,649.2312824800151,1.2221946315806265,105,105,3.448473934588297,5.285370409190829,0.8106535844214867,0.6763251900781768,0.834296181593804,0.3679594620931592,0.3619047619047619,0.638095238095238,0.2761904761904762,35567,774.717435836792,768.854796409607,0.09037580331990125,3.448473934588297
2,2,nan,data/2,275.99266692749086,10223,26.889436434403123,43.53805155886017,124.6313968339753,172.32674318903912,0.14172079071518887,127.02858764065338,65.426133003669,0.6986659939873306,0.003622930248427569,0.4940819720238677,2010.7773013708643,1.3138073315221586,348,348,2.9260039946040037,3.7892361273854216,0.7678233806725491,0.6695442703912641,0.8720029726169569,0.4940819720238678,0.04310344827586207,0.9568965517241379,0.9137931034482759,67641,1439.0328125953674,1914.758657146245,0.04375157354703563,2.9260039946040037
20,20,nan,data/20,446.0233315895673,13381,3.8990956152380916,8.575354397109006,21.631299966980734,65.42083142481289,0.057988781760523814,13.160540779554712,16.426267992765517,1.0161336206034013,0.0022418676251898693,0.2514012405649802,72.15731015380673,0.716142907782392,317,317,2.4592300326295455,3.2385399073071626,1.4029214884320178,1.804705131861642,1.2863906831156173,0.2514012405649802,0.7003154574132492,0.2996845425867508,0.40063091482649843,90279,765.7302474975584,856.8069790676236,0.023321747464678664,2.4592300326295455
3,3,nan,data/3,357.8409903089037,21438,5.840732473786454,9.88073377388401,29.615868267194887,94.01227942206174,0.05921341125225329,10.594958511347734,11.883217011712967,1.0336848455640841,0.041916104398526347,0.17804832540348914,97.62889991037216,0.5876752578755695,211,211,2.8137731200476868,6.33743007457246,1.7016200471242795,2.5053436304060717,1.472328464065804,0.17689648729446947,0.7819905213270142,0.21800947867298578,0.5639810426540285,150066,475.27633666992165,382.88371682167053,0.03145508497193027,2.8137731200476868
4,4,nan,data/4,284.01656122145357,8960,15.029311139397976,20.255141931239194,60.4205736208661,95.87692327436679,0.16482456102606655,22.568425147633594,28.035841583485546,0.9573982358297455,0.00352052848100419,0.27433035714285714,415.151961101727,1.1883232972472302,336,336,2.977471772045702,3.366176514555084,0.8466750431062694,0.9023514330827096,1.0657588651393048,0.27433035714285703,0.4017857142857143,0.5982142857142857,0.19642857142857142,62475,1059.377240538597,522.0857195854187,0.050136733136061123,2.977471772045702
5,5,nan,data/5,355.72,8894,3.522316467422419,8.340614371152164,13.40372307750583,62.866215247780616,0.0536246882297303,20.303527300401246,16.93253517851635,0.9585752707430926,0.05621767483696993,0.3700247357769283,69.56584808827,1.3437818264116783,477,477,2.6478977424808208,2.7243815440224735,0.746218487394958,0.5675940548374225,0.7606271680816811,0.37002473577692824,0.11949685534591195,0.8805031446540881,0.7610062893081762,62258,408.6837768554687,239.77274894714355,0.03379737049726602,2.6478977424808208
6,6,nan,data/6,152.77499818208258,4584,6.721342191398971,23.579792193891983,45.02336716328874,130.30167682721049,0.03702030907258134,14.72143422870736,20.141285373119047,1.001467640510185,0.08507389431205234,0.24585514834205935,556.0065999071293,0.8462161907918472,122,122,3.163096308449226,3.805016233638318,1.1807806467819533,1.81561601077688,1.5376403870821211,0.24585514834205952,0.680327868852459,0.319672131147541,0.36065573770491804,32088,877.3720063269137,718.8068389892578,0.08262579550601153,3.163096308449226
7,7,nan,data/7,359.56683452242686,12054,25.662095203305544,38.664902469109386,116.8017823400851,178.68187688998265,0.143056386688793,85.46799355113208,48.45468121236848,0.8367230940157759,0.002780893408356114,0.23668491786958687,1429.3131962355938,1.4850670807350654,530,530,3.9288207670299498,4.114670042865487,0.6733943938895418,0.8434847735834059,1.2525865692338454,0.23668491786958684,0.009433962264150943,0.9905660377358491,0.9811320754716981,79373,1280.7233047485352,903.271934568882,0.045567824725900846,3.9288207670299498
8,8,nan,data/8,205.23499851117967,12314,22.377004103009288,39.12553288848921,109.0281688211773,202.71324977026592,0.1012792046272916,33.709452308118315,55.26729300383173,0.9923585140014283,0.004872067624297766,0.5288289751502355,1518.216346101702,1.733949153919468,351,351,5.31828030660846,7.763929339897718,0.5767181798494906,0.45228173020244267,0.7842335234177588,0.5285992850178747,0.48148148148148145,0.5185185185185185,0.037037037037037035,85309,1208.541568480432,943.6855827569962,0.10936291376966645,5.31828030660846
9,9,nan,data/9,127.04499846954393,7623,6.323004892162508,17.763630571811472,50.16872158154064,117.53698046488765,0.04954716449117725,23.20128194806549,30.10197583613447,0.9849390696809182,0.007870194262629374,0.6561721107175653,303.6767124608175,3.4908193573349786,442,442,11.820988747271468,10.002447177191662,0.2860428930270201,0.38091754937202793,1.3316798237530265,0.6561721107175654,0.35374149659863946,0.6462585034013606,0.2925170068027211,51226,621.9158506393431,418.96381402015686,0.05249008796271414,11.820988747271468
